row_end,treatment,plot,row,date,berry,2_khz,30_khz
north,shaken,1,1,12/02/2019,11,29241,5787
north,shaken,1,1,12/02/2019,12,29461,4819
north,shaken,1,1,12/02/2019,13,31168,6203
north,shaken,1,1,12/02/2019,14,31312,6262
north,shaken,1,1,12/02/2019,15,34227,5519
north,shaken,1,1,12/02/2019,16,36856,6320
north,shaken,1,1,12/02/2019,17,31899,5364
north,shaken,1,1,12/02/2019,18,35028,5937
north,shaken,1,1,12/02/2019,19,27210,4796
north,shaken,1,1,12/02/2019,20,35127,5877
north,shaken,1,1,12/02/2019,21,44655,7924
north,shaken,1,1,12/02/2019,22,37196,6900
north,shaken,1,1,12/02/2019,23,37767,7629
north,shaken,1,1,12/02/2019,24,43220,7392
north,shaken,1,1,12/02/2019,25,35380,6003
north,shaken,1,1,12/02/2019,26,29942,5201
north,shaken,1,1,12/02/2019,27,34508,5848
north,shaken,1,1,12/02/2019,28,46524,7951
north,shaken,1,1,12/02/2019,29,48095,8567
north,shaken,1,1,12/02/2019,30,31688,5572
north,shaken,2,2,12/02/2019,11,25522,4518
north,shaken,2,2,12/02/2019,12,30017,5048
north,shaken,2,2,12/02/2019,13,30898,5491
north,shaken,2,2,12/02/2019,14,35084,6227
north,shaken,2,2,12/02/2019,15,32234,5557
north,shaken,2,2,12/02/2019,16,31786,5535
north,shaken,2,2,12/02/2019,17,24635,4164
north,shaken,2,2,12/02/2019,18,32305,5378
north,shaken,2,2,12/02/2019,19,28918,5763
north,shaken,2,2,12/02/2019,20,26278,4839
north,shaken,2,2,12/02/2019,21,35793,6007
north,shaken,2,2,12/02/2019,22,33159,5422
north,shaken,2,2,12/02/2019,23,41904,6966
north,shaken,2,2,12/02/2019,24,31949,6130
north,shaken,2,2,12/02/2019,25,28046,6471
north,shaken,2,2,12/02/2019,26,36995,7591
north,shaken,2,2,12/02/2019,27,32082,6594
north,shaken,2,2,12/02/2019,28,33260,7128
north,shaken,2,2,12/02/2019,29,40149,7948
north,shaken,2,2,12/02/2019,30,50354,9838
north,shaken,3,3,12/02/2019,1,27737,5965
north,shaken,3,3,12/02/2019,2,29750,5514
north,shaken,3,3,12/02/2019,3,25943,5415
north,shaken,3,3,12/02/2019,4,36869,5927
north,shaken,3,3,12/02/2019,5,29169,5065
north,shaken,3,3,12/02/2019,6,28757,5684
north,shaken,3,3,12/02/2019,7,35040,5994
north,shaken,3,3,12/02/2019,8,34735,5606
north,shaken,3,3,12/02/2019,9,38251,7778
north,shaken,3,3,12/02/2019,10,34000,6325
north,shaken,3,3,12/02/2019,11,30778,5323
north,shaken,3,3,12/02/2019,12,31071,5851
north,shaken,3,3,12/02/2019,13,36428,7296
north,shaken,3,3,12/02/2019,14,41993,7213
north,shaken,3,3,12/02/2019,15,32975,6978
north,shaken,3,3,12/02/2019,16,31018,5546
north,shaken,3,3,12/02/2019,17,32264,5757
north,shaken,3,3,12/02/2019,18,32454,5678
north,shaken,3,3,12/02/2019,19,48155,9680
north,shaken,3,3,12/02/2019,20,38060,6947
north,shaken,3,3,12/02/2019,21,44661,8577
north,shaken,3,3,12/02/2019,22,38041,7556
north,shaken,3,3,12/02/2019,23,31354,5565
north,shaken,3,3,12/02/2019,24,39847,7863
north,shaken,3,3,12/02/2019,25,43342,7680
north,shaken,3,3,12/02/2019,26,32805,6290
north,shaken,3,3,12/02/2019,27,39688,6907
north,shaken,3,3,12/02/2019,28,38032,6776
north,shaken,3,3,12/02/2019,29,39079,6794
north,shaken,3,3,12/02/2019,30,33638,7980
north,control,4,1,12/02/2019,1,26090,4547
north,control,4,1,12/02/2019,2,32812,5295
north,control,4,1,12/02/2019,3,28855,4827
north,control,4,1,12/02/2019,4,27841,5215
north,control,4,1,12/02/2019,5,25524,4820
north,control,4,1,12/02/2019,6,27947,4585
north,control,4,1,12/02/2019,7,31466,5147
north,control,4,1,12/02/2019,8,24810,4845
north,control,4,1,12/02/2019,9,28123,4782
north,control,4,1,12/02/2019,10,31269,5149
north,control,4,1,12/02/2019,11,35424,5947
north,control,4,1,12/02/2019,12,35863,6042
north,control,4,1,12/02/2019,13,28596,5376
north,control,4,1,12/02/2019,14,36703,6437
north,control,4,1,12/02/2019,15,28093,4756
north,control,4,1,12/02/2019,16,28126,5692
north,control,4,1,12/02/2019,17,25686,4446
north,control,4,1,12/02/2019,18,32799,6407
north,control,4,1,12/02/2019,19,32409,5580
north,control,4,1,12/02/2019,20,33770,6029
north,control,4,1,12/02/2019,21,34640,5604
north,control,4,1,12/02/2019,22,25915,5289
north,control,4,1,12/02/2019,23,33621,5650
north,control,4,1,12/02/2019,24,33338,5699
north,control,4,1,12/02/2019,25,41610,7125
north,control,4,1,12/02/2019,26,40888,7930
north,control,4,1,12/02/2019,27,32050,5682
north,control,4,1,12/02/2019,28,41564,7190
north,control,4,1,12/02/2019,29,33644,6735
north,control,4,1,12/02/2019,30,32342,6593
north,control,5,2,12/02/2019,1,26243,5472
north,control,5,2,12/02/2019,2,31522,5370
north,control,5,2,12/02/2019,3,29003,5300
north,control,5,2,12/02/2019,4,29607,6009
north,control,5,2,12/02/2019,5,30949,5440
north,control,5,2,12/02/2019,6,27401,4609
north,control,5,2,12/02/2019,7,29662,5811
north,control,5,2,12/02/2019,8,30496,5814
north,control,5,2,12/02/2019,9,33369,6320
north,control,5,2,12/02/2019,10,34345,6397
north,control,5,2,12/02/2019,11,38544,7547
north,control,5,2,12/02/2019,12,30484,5394
north,control,5,2,12/02/2019,13,25786,4768
north,control,5,2,12/02/2019,14,33349,6190
north,control,5,2,12/02/2019,15,36111,6017
north,control,5,2,12/02/2019,16,35011,6477
north,control,5,2,12/02/2019,17,30368,4967
north,control,5,2,12/02/2019,18,30946,5172
north,control,5,2,12/02/2019,19,29516,4909
north,control,5,2,12/02/2019,20,33312,5949
north,control,5,2,12/02/2019,21,30985,5256
north,control,5,2,12/02/2019,22,32500,5489
north,control,5,2,12/02/2019,23,43320,8274
north,control,5,2,12/02/2019,24,32769,5483
north,control,5,2,12/02/2019,25,36131,7295
north,control,5,2,12/02/2019,26,34404,5859
north,control,5,2,12/02/2019,27,33029,6494
north,control,5,2,12/02/2019,28,30758,5132
north,control,5,2,12/02/2019,29,31471,6372
north,control,5,2,12/02/2019,30,34563,6442
north,control,7,1,13/02/2019,1,30871,6236
north,control,7,1,13/02/2019,2,19950,4734
north,control,7,1,13/02/2019,3,32464,5361
north,control,7,1,13/02/2019,4,26582,4750
north,control,7,1,13/02/2019,5,26053,5533
north,control,7,1,13/02/2019,6,23610,4359
north,control,7,1,13/02/2019,7,36678,6328
north,control,7,1,13/02/2019,8,35094,5835
north,control,7,1,13/02/2019,9,27097,5811
north,control,7,1,13/02/2019,10,33192,5343
north,control,7,1,13/02/2019,11,28863,4762
north,control,7,1,13/02/2019,12,35434,5742
north,control,7,1,13/02/2019,13,42949,8672
north,control,7,1,13/02/2019,14,34068,5837
north,control,7,1,13/02/2019,15,37801,6329
north,control,7,1,13/02/2019,16,29408,5238
north,control,7,1,13/02/2019,17,30327,5237
north,control,7,1,13/02/2019,18,37222,6501
north,control,7,1,13/02/2019,19,56278,11328
north,control,7,1,13/02/2019,20,36681,6157
north,control,7,1,13/02/2019,21,25351,4498
north,control,7,1,13/02/2019,22,33921,7007
north,control,7,1,13/02/2019,23,36225,8387
north,control,7,1,13/02/2019,24,49241,9940
north,control,7,1,13/02/2019,25,39992,6885
north,control,7,1,13/02/2019,26,38866,9313
north,control,7,1,13/02/2019,27,40136,6914
north,control,7,1,13/02/2019,28,33400,5603
north,control,7,1,13/02/2019,29,55310,10676
north,control,7,1,13/02/2019,30,44139,8807
north,control,8,2,13/02/2019,1,24608,4460
north,control,8,2,13/02/2019,2,26540,5507
north,control,8,2,13/02/2019,3,29214,4863
north,control,8,2,13/02/2019,4,32141,4966
north,control,8,2,13/02/2019,5,21795,4065
north,control,8,2,13/02/2019,6,28335,4918
north,control,8,2,13/02/2019,7,29308,5054
north,control,8,2,13/02/2019,8,28730,4757
north,control,8,2,13/02/2019,9,33276,5544
north,control,8,2,13/02/2019,10,29222,5777
north,control,8,2,13/02/2019,11,22868,4369
north,control,8,2,13/02/2019,12,30879,5042
north,control,8,2,13/02/2019,13,32884,5731
north,control,8,2,13/02/2019,14,33362,5450
north,control,8,2,13/02/2019,15,38879,6232
north,control,8,2,13/02/2019,16,30520,5109
north,control,8,2,13/02/2019,17,37068,6077
north,control,8,2,13/02/2019,18,29100,5120
north,control,8,2,13/02/2019,19,37062,6256
north,control,8,2,13/02/2019,20,43652,7372
north,control,8,2,13/02/2019,21,28864,5109
north,control,8,2,13/02/2019,22,37575,6293
north,control,8,2,13/02/2019,23,31864,5167
north,control,8,2,13/02/2019,24,34575,6063
north,control,8,2,13/02/2019,25,32464,5577
north,control,8,2,13/02/2019,26,44969,7596
north,control,8,2,13/02/2019,27,33905,5648
north,control,8,2,13/02/2019,28,27132,5240
north,control,8,2,13/02/2019,29,51447,10395
north,control,8,2,13/02/2019,30,39780,6882
north,control,9,3,13/02/2019,1,20771,3678
north,control,9,3,13/02/2019,2,26396,4630
north,control,9,3,13/02/2019,3,29068,4687
north,control,9,3,13/02/2019,4,35865,6472
north,control,9,3,13/02/2019,5,33705,6449
north,control,9,3,13/02/2019,6,20005,3899
north,control,9,3,13/02/2019,7,34870,6258
north,control,9,3,13/02/2019,8,37397,7294
north,control,9,3,13/02/2019,9,31174,5756
north,control,9,3,13/02/2019,10,39062,7326
north,control,9,3,13/02/2019,11,37423,6221
north,control,9,3,13/02/2019,12,41606,6779
north,control,9,3,13/02/2019,13,36794,6198
north,control,9,3,13/02/2019,14,30809,5132
north,control,9,3,13/02/2019,15,31998,5510
north,control,9,3,13/02/2019,16,26886,4513
north,control,9,3,13/02/2019,17,37578,6955
north,control,9,3,13/02/2019,18,44255,7550
north,control,9,3,13/02/2019,19,37591,6864
north,control,9,3,13/02/2019,20,52839,10861
north,control,9,3,13/02/2019,21,36131,6344
north,control,9,3,13/02/2019,22,50474,9554
north,control,9,3,13/02/2019,23,37288,6385
north,control,9,3,13/02/2019,24,44182,7766
north,control,9,3,13/02/2019,25,38339,6446
north,control,9,3,13/02/2019,26,43286,7952
north,control,9,3,13/02/2019,27,45516,8978
north,control,9,3,13/02/2019,28,44883,7789
north,control,9,3,13/02/2019,29,49700,9791
north,control,9,3,13/02/2019,30,30508,5858
north,shaken,10,1,13/02/2019,1,31734,5055
north,shaken,10,1,13/02/2019,2,37818,7808
north,shaken,10,1,13/02/2019,3,30232,4999
north,shaken,10,1,13/02/2019,4,30914,5692
north,shaken,10,1,13/02/2019,5,27198,4676
north,shaken,10,1,13/02/2019,6,38052,6774
north,shaken,10,1,13/02/2019,7,37292,7875
north,shaken,10,1,13/02/2019,8,40406,6580
north,shaken,10,1,13/02/2019,9,38457,6334
north,shaken,10,1,13/02/2019,10,35054,6517
north,shaken,10,1,13/02/2019,11,38380,7579
north,shaken,10,1,13/02/2019,12,35533,6230
north,shaken,10,1,13/02/2019,13,36901,6619
north,shaken,10,1,13/02/2019,14,32361,5361
north,shaken,10,1,13/02/2019,15,32121,5141
north,shaken,10,1,13/02/2019,16,40440,6757
north,shaken,10,1,13/02/2019,17,34170,5813
north,shaken,10,1,13/02/2019,18,35934,7243
north,shaken,10,1,13/02/2019,19,36112,5972
north,shaken,10,1,13/02/2019,20,40341,7693
north,shaken,10,1,13/02/2019,21,29742,5656
north,shaken,10,1,13/02/2019,22,56646,11028
north,shaken,10,1,13/02/2019,23,37027,6294
north,shaken,10,1,13/02/2019,24,38050,7649
north,shaken,10,1,13/02/2019,25,46319,8556
north,shaken,10,1,13/02/2019,26,37159,6167
north,shaken,10,1,13/02/2019,27,48292,9409
north,shaken,10,1,13/02/2019,28,39529,6635
north,shaken,10,1,13/02/2019,29,42901,7274
north,shaken,10,1,13/02/2019,30,40937,7986
north,shaken,11,2,13/02/2019,1,24763,4374
north,shaken,11,2,13/02/2019,2,33666,5500
north,shaken,11,2,13/02/2019,3,34415,5566
north,shaken,11,2,13/02/2019,4,30490,5237
north,shaken,11,2,13/02/2019,5,28769,5045
north,shaken,11,2,13/02/2019,6,27721,5778
north,shaken,11,2,13/02/2019,7,28824,5167
north,shaken,11,2,13/02/2019,8,35834,5748
north,shaken,11,2,13/02/2019,9,34234,7531
north,shaken,11,2,13/02/2019,10,49648,8962
north,shaken,11,2,13/02/2019,11,26422,4521
north,shaken,11,2,13/02/2019,12,47700,8746
north,shaken,11,2,13/02/2019,13,38313,6819
north,shaken,11,2,13/02/2019,14,38555,10930
north,shaken,11,2,13/02/2019,15,25623,5996
north,shaken,11,2,13/02/2019,16,44010,7484
north,shaken,11,2,13/02/2019,17,33305,5875
north,shaken,11,2,13/02/2019,18,34029,5714
north,shaken,11,2,13/02/2019,19,31728,6341
north,shaken,11,2,13/02/2019,20,37726,7251
north,shaken,11,2,13/02/2019,21,33218,5627
north,shaken,11,2,13/02/2019,22,46838,8127
north,shaken,11,2,13/02/2019,23,41223,7659
north,shaken,11,2,13/02/2019,24,36985,7492
north,shaken,11,2,13/02/2019,25,41761,8432
north,shaken,11,2,13/02/2019,26,31163,5527
north,shaken,11,2,13/02/2019,27,33548,5796
north,shaken,11,2,13/02/2019,28,44939,10693
north,shaken,11,2,13/02/2019,29,39224,7773
north,shaken,11,2,13/02/2019,30,36429,7258
north,shaken,12,3,13/02/2019,1,31934,6959
north,shaken,12,3,13/02/2019,2,34934,7169
north,shaken,12,3,13/02/2019,3,35269,8067
north,shaken,12,3,13/02/2019,4,34321,6505
north,shaken,12,3,13/02/2019,5,39980,8003
north,shaken,12,3,13/02/2019,6,37477,7259
north,shaken,12,3,13/02/2019,7,42589,8376
north,shaken,12,3,13/02/2019,8,43359,10344
north,shaken,12,3,13/02/2019,9,36913,7000
north,shaken,12,3,13/02/2019,10,39080,7962
north,shaken,12,3,13/02/2019,11,46770,9998
north,shaken,12,3,13/02/2019,12,45956,8821
north,shaken,12,3,13/02/2019,13,41587,8823
north,shaken,12,3,13/02/2019,14,44030,9458
north,shaken,12,3,13/02/2019,15,46873,9693
north,shaken,12,3,13/02/2019,16,50322,11356
north,shaken,12,3,13/02/2019,17,40332,7774
north,shaken,12,3,13/02/2019,18,48391,9975
north,shaken,12,3,13/02/2019,19,39331,8550
north,shaken,12,3,13/02/2019,20,43094,8737
north,shaken,12,3,13/02/2019,21,38087,7594
north,shaken,12,3,13/02/2019,22,52990,12607
north,shaken,12,3,13/02/2019,23,43805,9435
north,shaken,12,3,13/02/2019,24,53396,12093
north,shaken,12,3,13/02/2019,25,42920,8479
north,shaken,12,3,13/02/2019,26,49600,10336
north,shaken,12,3,13/02/2019,27,54975,11606
north,shaken,12,3,13/02/2019,28,55187,12891
north,shaken,12,3,13/02/2019,29,38519,7593
north,shaken,12,3,13/02/2019,30,41019,8316
north,shaken,13,1,13/02/2019,1,26281,4769
north,shaken,13,1,13/02/2019,2,24166,4232
north,shaken,13,1,13/02/2019,3,21739,3961
north,shaken,13,1,13/02/2019,4,25242,4687
north,shaken,13,1,13/02/2019,5,35409,5588
north,shaken,13,1,13/02/2019,6,36269,6020
north,shaken,13,1,13/02/2019,7,40345,6622
north,shaken,13,1,13/02/2019,8,38428,6395
north,shaken,13,1,13/02/2019,9,30051,5114
north,shaken,13,1,13/02/2019,10,32799,5295
north,shaken,13,1,13/02/2019,11,24787,4194
north,shaken,13,1,13/02/2019,12,36195,6151
north,shaken,13,1,13/02/2019,13,37457,6643
north,shaken,13,1,13/02/2019,14,31645,5551
north,shaken,13,1,13/02/2019,15,28847,4731
north,shaken,13,1,13/02/2019,16,34917,5943
north,shaken,13,1,13/02/2019,17,29360,4764
north,shaken,13,1,13/02/2019,18,29852,5108
north,shaken,13,1,13/02/2019,19,39824,6832
north,shaken,13,1,13/02/2019,20,31507,5972
north,shaken,13,1,13/02/2019,21,36979,6413
north,shaken,13,1,13/02/2019,22,40091,6861
north,shaken,13,1,13/02/2019,23,26093,4766
north,shaken,13,1,13/02/2019,24,27380,4765
north,shaken,13,1,13/02/2019,25,33096,6335
north,shaken,13,1,13/02/2019,26,27406,4821
north,shaken,13,1,13/02/2019,27,35449,6739
north,shaken,13,1,13/02/2019,28,55424,11331
north,shaken,13,1,13/02/2019,29,46627,8627
north,shaken,13,1,13/02/2019,30,43991,8043
north,shaken,14,2,13/02/2019,1,31674,6718
north,shaken,14,2,13/02/2019,2,22342,4344
north,shaken,14,2,13/02/2019,3,23562,4272
north,shaken,14,2,13/02/2019,4,32844,6051
north,shaken,14,2,13/02/2019,5,25002,5344
north,shaken,14,2,13/02/2019,6,32934,5801
north,shaken,14,2,13/02/2019,7,29602,5239
north,shaken,14,2,13/02/2019,8,30068,4806
north,shaken,14,2,13/02/2019,9,27309,5460
north,shaken,14,2,13/02/2019,10,26735,5172
north,shaken,14,2,13/02/2019,11,34779,5921
north,shaken,14,2,13/02/2019,12,31989,6129
north,shaken,14,2,13/02/2019,13,22695,4537
north,shaken,14,2,13/02/2019,14,35534,5963
north,shaken,14,2,13/02/2019,15,38154,6806
north,shaken,14,2,13/02/2019,16,34321,5724
north,shaken,14,2,13/02/2019,17,41588,7500
north,shaken,14,2,13/02/2019,18,39895,6642
north,shaken,14,2,13/02/2019,19,30193,5205
north,shaken,14,2,13/02/2019,20,33339,6088
north,shaken,14,2,13/02/2019,21,26765,5148
north,shaken,14,2,13/02/2019,22,36126,6806
north,shaken,14,2,13/02/2019,23,45045,7689
north,shaken,14,2,13/02/2019,24,32118,5518
north,shaken,14,2,13/02/2019,25,38092,7067
north,shaken,14,2,13/02/2019,26,34438,8507
north,shaken,14,2,13/02/2019,27,31764,6916
north,shaken,14,2,13/02/2019,28,35680,6398
north,shaken,14,2,13/02/2019,29,39643,7171
north,shaken,14,2,13/02/2019,30,39233,6913
north,shaken,15,3,13/02/2019,1,22630,3921
north,shaken,15,3,13/02/2019,2,25710,4383
north,shaken,15,3,13/02/2019,3,28298,4982
north,shaken,15,3,13/02/2019,4,29881,5360
north,shaken,15,3,13/02/2019,5,28362,5408
north,shaken,15,3,13/02/2019,6,28719,5564
north,shaken,15,3,13/02/2019,7,30705,5397
north,shaken,15,3,13/02/2019,8,27620,4883
north,shaken,15,3,13/02/2019,9,38043,6230
north,shaken,15,3,13/02/2019,10,27557,5101
north,shaken,15,3,13/02/2019,11,30185,5333
north,shaken,15,3,13/02/2019,12,28979,5094
north,shaken,15,3,13/02/2019,13,42533,7311
north,shaken,15,3,13/02/2019,14,36370,5961
north,shaken,15,3,13/02/2019,15,30272,5439
north,shaken,15,3,13/02/2019,16,34141,5796
north,shaken,15,3,13/02/2019,17,37396,6843
north,shaken,15,3,13/02/2019,18,37967,6545
north,shaken,15,3,13/02/2019,19,31819,5580
north,shaken,15,3,13/02/2019,20,33241,5691
north,shaken,15,3,13/02/2019,21,27371,5025
north,shaken,15,3,13/02/2019,22,34466,6426
north,shaken,15,3,13/02/2019,23,35631,6588
north,shaken,15,3,13/02/2019,24,38052,6752
north,shaken,15,3,13/02/2019,25,53075,9865
north,shaken,15,3,13/02/2019,26,42608,7751
north,shaken,15,3,13/02/2019,27,52685,9609
north,shaken,15,3,13/02/2019,28,40032,7479
north,shaken,15,3,13/02/2019,29,41483,6680
north,shaken,15,3,13/02/2019,30,34938,6463
north,control,16,1,13/02/2019,1,21047,3672
north,control,16,1,13/02/2019,2,31190,5156
north,control,16,1,13/02/2019,3,40016,6352
north,control,16,1,13/02/2019,4,23076,4421
north,control,16,1,13/02/2019,5,23346,3904
north,control,16,1,13/02/2019,6,45273,7698
north,control,16,1,13/02/2019,7,21662,3778
north,control,16,1,13/02/2019,8,32640,5960
north,control,16,1,13/02/2019,9,25748,4378
north,control,16,1,13/02/2019,10,36252,6834
north,control,16,1,13/02/2019,11,39561,6450
north,control,16,1,13/02/2019,12,38463,6768
north,control,16,1,13/02/2019,13,27807,5707
north,control,16,1,13/02/2019,14,28693,5252
north,control,16,1,13/02/2019,15,39155,8249
north,control,16,1,13/02/2019,16,36820,5996
north,control,16,1,13/02/2019,17,30453,5042
north,control,16,1,13/02/2019,18,26831,4758
north,control,16,1,13/02/2019,19,24455,4867
north,control,16,1,13/02/2019,20,41694,7331
north,control,16,1,13/02/2019,21,31854,5705
north,control,16,1,13/02/2019,22,48397,9174
north,control,16,1,13/02/2019,23,48397,8901
north,control,16,1,13/02/2019,24,50741,10788
north,control,16,1,13/02/2019,25,22120,4463
north,control,16,1,13/02/2019,26,37484,7947
north,control,16,1,13/02/2019,27,51947,9480
north,control,16,1,13/02/2019,28,30294,5228
north,control,16,1,13/02/2019,29,40346,6961
north,control,16,1,13/02/2019,30,48793,9067
north,control,17,2,13/02/2019,1,22899,4580
north,control,17,2,13/02/2019,2,21432,4775
north,control,17,2,13/02/2019,3,30908,5628
north,control,17,2,13/02/2019,4,25972,5401
north,control,17,2,13/02/2019,5,23139,5028
north,control,17,2,13/02/2019,6,27101,5024
north,control,17,2,13/02/2019,7,28230,4636
north,control,17,2,13/02/2019,8,27224,5179
north,control,17,2,13/02/2019,9,31010,5827
north,control,17,2,13/02/2019,10,25206,4681
north,control,17,2,13/02/2019,11,31738,6557
north,control,17,2,13/02/2019,12,28396,5452
north,control,17,2,13/02/2019,13,21316,4509
north,control,17,2,13/02/2019,14,36139,6951
north,control,17,2,13/02/2019,15,26446,5087
north,control,17,2,13/02/2019,16,36122,6779
north,control,17,2,13/02/2019,17,30378,6307
north,control,17,2,13/02/2019,18,29264,5572
north,control,17,2,13/02/2019,19,34018,6212
north,control,17,2,13/02/2019,20,33647,6581
north,control,17,2,13/02/2019,21,35826,6568
north,control,17,2,13/02/2019,22,35393,7465
north,control,17,2,13/02/2019,23,35583,6467
north,control,17,2,13/02/2019,24,32002,5628
north,control,17,2,13/02/2019,25,38369,7721
north,control,17,2,13/02/2019,26,51764,11157
north,control,17,2,13/02/2019,27,37917,6639
north,control,17,2,13/02/2019,28,49120,9076
north,control,17,2,13/02/2019,29,44918,8412
north,control,17,2,13/02/2019,30,38618,6945
north,control,18,3,13/02/2019,1,28261,4915
north,control,18,3,13/02/2019,2,38188,6129
north,control,18,3,13/02/2019,3,34408,5724
north,control,18,3,13/02/2019,4,49609,8752
north,control,18,3,13/02/2019,5,34962,5841
north,control,18,3,13/02/2019,6,36276,6159
north,control,18,3,13/02/2019,7,34866,6649
north,control,18,3,13/02/2019,8,23996,5205
north,control,18,3,13/02/2019,9,30729,5644
north,control,18,3,13/02/2019,10,29477,5368
north,control,18,3,13/02/2019,11,32253,6021
north,control,18,3,13/02/2019,12,36579,6404
north,control,18,3,13/02/2019,13,44155,8028
north,control,18,3,13/02/2019,14,31668,5859
north,control,18,3,13/02/2019,15,30997,7618
north,control,18,3,13/02/2019,16,47362,8539
north,control,18,3,13/02/2019,17,49760,9218
north,control,18,3,13/02/2019,18,43671,8624
north,control,18,3,13/02/2019,19,49670,9278
north,control,18,3,13/02/2019,20,35075,6312
north,control,18,3,13/02/2019,21,50227,9615
north,control,18,3,13/02/2019,22,22914,3982
north,control,18,3,13/02/2019,23,28166,5631
north,control,18,3,13/02/2019,24,26729,4797
north,control,18,3,13/02/2019,25,30386,5067
north,control,18,3,13/02/2019,26,30575,5013
north,control,18,3,13/02/2019,27,25723,4368
north,control,18,3,13/02/2019,28,25081,5051
north,control,18,3,13/02/2019,29,27398,4796
south,control,19,1,12/02/2019,1,24848,4654
south,control,19,1,12/02/2019,2,35440,5740
south,control,19,1,12/02/2019,3,44855,7593
south,control,19,1,12/02/2019,4,31090,5509
south,control,19,1,12/02/2019,5,39608,6271
south,control,19,1,12/02/2019,6,38269,7657
south,control,19,1,12/02/2019,7,41591,7107
south,control,19,1,12/02/2019,8,22818,4087
south,control,19,1,12/02/2019,9,39130,7535
south,control,19,1,12/02/2019,10,50924,8794
south,control,19,1,12/02/2019,11,39390,6601
south,control,19,1,12/02/2019,12,35459,5969
south,control,19,1,12/02/2019,13,32790,5209
south,control,19,1,12/02/2019,14,35971,6838
south,control,19,1,12/02/2019,15,26198,4738
south,control,19,1,12/02/2019,16,46835,8196
south,control,19,1,12/02/2019,17,41841,7170
south,control,19,1,12/02/2019,18,44333,7600
south,control,19,1,12/02/2019,19,40543,8141
south,control,19,1,12/02/2019,20,50593,9039
south,control,19,1,12/02/2019,21,35193,6074
south,control,19,1,12/02/2019,22,31312,5832
south,control,19,1,12/02/2019,23,25151,4469
south,control,19,1,12/02/2019,24,41781,7091
south,control,19,1,12/02/2019,25,32934,5285
south,control,19,1,12/02/2019,26,34130,5743
south,control,19,1,12/02/2019,27,31938,5321
south,control,19,1,12/02/2019,28,50707,9310
south,control,19,1,12/02/2019,29,27432,5974
south,control,19,1,12/02/2019,30,39639,6535
south,control,20,2,12/02/2019,1,25085,5185
south,control,20,2,12/02/2019,2,30598,5252
south,control,20,2,12/02/2019,3,27954,4889
south,control,20,2,12/02/2019,4,33318,5410
south,control,20,2,12/02/2019,5,23374,4188
south,control,20,2,12/02/2019,6,30044,4964
south,control,20,2,12/02/2019,7,29961,5501
south,control,20,2,12/02/2019,8,32807,5362
south,control,20,2,12/02/2019,9,23423,4500
south,control,20,2,12/02/2019,10,34789,6099
south,control,20,2,12/02/2019,11,32514,5977
south,control,20,2,12/02/2019,12,31937,6096
south,control,20,2,12/02/2019,13,35965,5731
south,control,20,2,12/02/2019,14,28112,4613
south,control,20,2,12/02/2019,15,33514,5323
south,control,20,2,12/02/2019,16,31298,5959
south,control,20,2,12/02/2019,17,39630,7165
south,control,20,2,12/02/2019,18,35126,5829
south,control,20,2,12/02/2019,19,33318,5285
south,control,20,2,12/02/2019,20,31175,5396
south,control,20,2,12/02/2019,21,28327,4792
south,control,20,2,12/02/2019,22,36500,6129
south,control,20,2,12/02/2019,23,29514,4994
south,control,20,2,12/02/2019,24,35439,6116
south,control,20,2,12/02/2019,25,31315,5304
south,control,20,2,12/02/2019,26,48923,9204
south,control,20,2,12/02/2019,27,30969,5187
south,control,20,2,12/02/2019,28,33280,5798
south,control,20,2,12/02/2019,29,39015,6394
south,control,20,2,12/02/2019,30,40296,7822
south,control,21,3,12/02/2019,1,35128,5329
south,control,21,3,12/02/2019,2,35551,5823
south,control,21,3,12/02/2019,3,29843,4958
south,control,21,3,12/02/2019,4,33650,5570
south,control,21,3,12/02/2019,5,34896,5679
south,control,21,3,12/02/2019,6,28230,5037
south,control,21,3,12/02/2019,7,28613,4789
south,control,21,3,12/02/2019,8,34680,6025
south,control,21,3,12/02/2019,9,34920,5696
south,control,21,3,12/02/2019,10,34793,5804
south,control,21,3,12/02/2019,11,29555,5226
south,control,21,3,12/02/2019,12,40557,8106
south,control,21,3,12/02/2019,13,37454,6310
south,control,21,3,12/02/2019,14,31769,5035
south,control,21,3,12/02/2019,15,41785,7750
south,control,21,3,12/02/2019,16,29260,5233
south,control,21,3,12/02/2019,17,35780,6418
south,control,21,3,12/02/2019,18,38739,6414
south,control,21,3,12/02/2019,19,37817,6125
south,control,21,3,12/02/2019,20,44716,7507
south,control,21,3,12/02/2019,21,32946,5650
south,control,21,3,12/02/2019,22,31040,6126
south,control,21,3,12/02/2019,23,40930,6929
south,control,21,3,12/02/2019,24,50078,8792
south,control,21,3,12/02/2019,25,37697,7170
south,control,21,3,12/02/2019,26,37067,6190
south,control,21,3,12/02/2019,27,37587,6901
south,control,21,3,12/02/2019,28,44548,7567
south,control,21,3,12/02/2019,29,41011,6977
south,control,21,3,12/02/2019,30,33790,5983
south,shaken,22,1,12/02/2019,1,45332,7941
south,shaken,22,1,12/02/2019,2,45361,8629
south,shaken,22,1,12/02/2019,3,31881,5672
south,shaken,22,1,12/02/2019,4,38055,6171
south,shaken,22,1,12/02/2019,5,36772,6264
south,shaken,22,1,12/02/2019,6,47803,8174
south,shaken,22,1,12/02/2019,7,40980,6653
south,shaken,22,1,12/02/2019,8,37168,6187
south,shaken,22,1,12/02/2019,9,34501,5605
south,shaken,22,1,12/02/2019,10,40226,6831
south,shaken,22,1,12/02/2019,11,49346,9575
south,shaken,22,1,12/02/2019,12,51791,9952
south,shaken,22,1,12/02/2019,13,47983,8224
south,shaken,22,1,12/02/2019,14,45028,7645
south,shaken,22,1,12/02/2019,15,44763,8019
south,shaken,22,1,12/02/2019,16,40199,7041
south,shaken,22,1,12/02/2019,17,52231,9414
south,shaken,22,1,12/02/2019,18,40388,7230
south,shaken,22,1,12/02/2019,19,56319,10881
south,shaken,22,1,12/02/2019,20,45380,7822
south,shaken,22,1,12/02/2019,21,49259,8637
south,shaken,22,1,12/02/2019,22,47479,8267
south,shaken,22,1,12/02/2019,23,42146,7399
south,shaken,22,1,12/02/2019,24,35089,5862
south,shaken,22,1,12/02/2019,25,37049,6373
south,shaken,22,1,12/02/2019,26,45320,7744
south,shaken,22,1,12/02/2019,27,54295,11073
south,shaken,22,1,12/02/2019,28,48534,8863
south,shaken,22,1,12/02/2019,29,39281,7077
south,shaken,22,1,12/02/2019,30,40964,7200
south,shaken,23,2,12/02/2019,1,45783,7622
south,shaken,23,2,12/02/2019,2,38540,6429
south,shaken,23,2,12/02/2019,3,47646,8184
south,shaken,23,2,12/02/2019,4,37098,6693
south,shaken,23,2,12/02/2019,5,43005,7620
south,shaken,23,2,12/02/2019,6,40605,6579
south,shaken,23,2,12/02/2019,7,38528,6070
south,shaken,23,2,12/02/2019,8,38665,6144
south,shaken,23,2,12/02/2019,9,43790,7951
south,shaken,23,2,12/02/2019,10,30107,4935
south,shaken,23,2,12/02/2019,11,33013,5758
south,shaken,23,2,12/02/2019,12,36293,5948
south,shaken,23,2,12/02/2019,13,37480,6188
south,shaken,23,2,12/02/2019,14,34762,5757
south,shaken,23,2,12/02/2019,15,52361,9237
south,shaken,23,2,12/02/2019,16,41844,6884
south,shaken,23,2,12/02/2019,17,43072,7245
south,shaken,23,2,12/02/2019,18,45381,8342
south,shaken,23,2,12/02/2019,19,58986,11784
south,shaken,23,2,12/02/2019,20,47037,8558
south,shaken,23,2,12/02/2019,21,32997,6413
south,shaken,23,2,12/02/2019,22,30340,5470
south,shaken,23,2,12/02/2019,23,46053,8266
south,shaken,23,2,12/02/2019,24,53855,10226
south,shaken,23,2,12/02/2019,25,36775,6885
south,shaken,23,2,12/02/2019,26,48151,8429
south,shaken,23,2,12/02/2019,27,33244,5750
south,shaken,23,2,12/02/2019,28,51740,9379
south,shaken,23,2,12/02/2019,29,51579,9356
south,shaken,23,2,12/02/2019,30,43114,9245
south,shaken,24,3,12/02/2019,1,39244,6109
south,shaken,24,3,12/02/2019,2,36679,5824
south,shaken,24,3,12/02/2019,3,33607,5138
south,shaken,24,3,12/02/2019,4,31049,5069
south,shaken,24,3,12/02/2019,5,33002,5100
south,shaken,24,3,12/02/2019,6,38082,6608
south,shaken,24,3,12/02/2019,7,42166,6981
south,shaken,24,3,12/02/2019,8,30658,5085
south,shaken,24,3,12/02/2019,9,36242,5977
south,shaken,24,3,12/02/2019,10,28162,4520
south,shaken,24,3,12/02/2019,11,33877,5348
south,shaken,24,3,12/02/2019,12,36429,5771
south,shaken,24,3,12/02/2019,13,31507,5138
south,shaken,24,3,12/02/2019,14,33243,5407
south,shaken,24,3,12/02/2019,15,36771,5893
south,shaken,24,3,12/02/2019,16,43708,7955
south,shaken,24,3,12/02/2019,17,34816,6222
south,shaken,24,3,12/02/2019,18,39585,6268
south,shaken,24,3,12/02/2019,19,39372,6512
south,shaken,24,3,12/02/2019,20,32117,5620
south,shaken,24,3,12/02/2019,21,47516,8007
south,shaken,24,3,12/02/2019,22,37209,6087
south,shaken,24,3,12/02/2019,23,42400,7341
south,shaken,24,3,12/02/2019,24,40070,7068
south,shaken,24,3,12/02/2019,25,41019,7033
south,shaken,24,3,12/02/2019,26,34816,5538
south,shaken,24,3,12/02/2019,27,37726,6078
south,shaken,24,3,12/02/2019,28,41020,6896
south,shaken,24,3,12/02/2019,29,45306,7662
south,shaken,24,3,12/02/2019,30,53408,9989
south,shaken,25,1,12/02/2019,1,52893,9415
south,shaken,25,1,12/02/2019,2,59552,13683
south,shaken,25,1,12/02/2019,3,56001,10566
south,shaken,25,1,12/02/2019,4,57844,10976
south,shaken,25,1,12/02/2019,5,42656,7256
south,shaken,25,1,12/02/2019,6,49931,8842
south,shaken,25,1,12/02/2019,7,53455,9983
south,shaken,25,1,12/02/2019,8,62698,13187
south,shaken,25,1,12/02/2019,9,62563,12842
south,shaken,25,1,12/02/2019,10,65731,14354
south,shaken,25,1,12/02/2019,11,49222,8749
south,shaken,25,1,12/02/2019,12,50185,9019
south,shaken,25,1,12/02/2019,13,64712,14218
south,shaken,25,1,12/02/2019,14,63224,13216
south,shaken,25,1,12/02/2019,15,56022,11574
south,shaken,25,1,12/02/2019,16,46690,8291
south,shaken,25,1,12/02/2019,17,55369,10334
south,shaken,25,1,12/02/2019,18,56827,11247
south,shaken,25,1,12/02/2019,19,51438,9449
south,shaken,25,1,12/02/2019,20,59216,12027
south,shaken,25,1,12/02/2019,21,48224,8540
south,shaken,25,1,12/02/2019,22,60001,12704
south,shaken,25,1,12/02/2019,23,61019,13402
south,shaken,25,1,12/02/2019,24,67642,15990
south,shaken,25,1,12/02/2019,25,64874,14513
south,shaken,25,1,12/02/2019,26,51687,9412
south,shaken,25,1,12/02/2019,27,69670,16514
south,shaken,25,1,12/02/2019,28,57166,11297
south,shaken,25,1,12/02/2019,29,69068,16797
south,shaken,25,1,12/02/2019,30,64178,14332
south,shaken,26,2,12/02/2019,1,42225,6864
south,shaken,26,2,12/02/2019,2,42562,7213
south,shaken,26,2,12/02/2019,3,52122,9453
south,shaken,26,2,12/02/2019,4,50132,8686
south,shaken,26,2,12/02/2019,5,46354,7844
south,shaken,26,2,12/02/2019,6,39046,7317
south,shaken,26,2,12/02/2019,7,38283,6072
south,shaken,26,2,12/02/2019,8,42144,6924
south,shaken,26,2,12/02/2019,9,53002,9502
south,shaken,26,2,12/02/2019,10,47814,7947
south,shaken,26,2,12/02/2019,11,38614,6771
south,shaken,26,2,12/02/2019,12,51095,9202
south,shaken,26,2,12/02/2019,13,43134,7022
south,shaken,26,2,12/02/2019,14,48060,8331
south,shaken,26,2,12/02/2019,15,41651,6784
south,shaken,26,2,12/02/2019,16,50796,9094
south,shaken,26,2,12/02/2019,17,47204,8152
south,shaken,26,2,12/02/2019,18,46765,7914
south,shaken,26,2,12/02/2019,19,51886,9186
south,shaken,26,2,12/02/2019,20,52433,9366
south,shaken,26,2,12/02/2019,21,45122,7902
south,shaken,26,2,12/02/2019,22,51714,9211
south,shaken,26,2,12/02/2019,23,46995,8173
south,shaken,26,2,12/02/2019,24,41500,6647
south,shaken,26,2,12/02/2019,25,56202,10509
south,shaken,26,2,12/02/2019,26,46604,7953
south,shaken,26,2,12/02/2019,27,55939,10518
south,shaken,26,2,12/02/2019,28,56601,10863
south,shaken,26,2,12/02/2019,29,56211,10384
south,shaken,26,2,12/02/2019,30,46190,7963
south,shaken,27,3,12/02/2019,1,32485,5244
south,shaken,27,3,12/02/2019,2,35292,5652
south,shaken,27,3,12/02/2019,3,31361,5010
south,shaken,27,3,12/02/2019,4,34923,6203
south,shaken,27,3,12/02/2019,5,33922,5720
south,shaken,27,3,12/02/2019,6,32270,5389
south,shaken,27,3,12/02/2019,7,47654,8273
south,shaken,27,3,12/02/2019,8,43507,7320
south,shaken,27,3,12/02/2019,9,34532,5547
south,shaken,27,3,12/02/2019,10,33515,5462
south,shaken,27,3,12/02/2019,11,31640,5193
south,shaken,27,3,12/02/2019,12,42242,6691
south,shaken,27,3,12/02/2019,13,47426,8108
south,shaken,27,3,12/02/2019,14,36257,5913
south,shaken,27,3,12/02/2019,15,42932,6868
south,shaken,27,3,12/02/2019,16,31179,5292
south,shaken,27,3,12/02/2019,17,40028,6383
south,shaken,27,3,12/02/2019,18,37858,6130
south,shaken,27,3,12/02/2019,19,33166,5460
south,shaken,27,3,12/02/2019,20,39299,6515
south,shaken,27,3,12/02/2019,21,34591,5754
south,shaken,27,3,12/02/2019,22,38542,5997
south,shaken,27,3,12/02/2019,23,31935,5359
south,shaken,27,3,12/02/2019,24,40138,6302
south,shaken,27,3,12/02/2019,25,39266,6417
south,shaken,27,3,12/02/2019,26,40615,6407
south,shaken,27,3,12/02/2019,27,44789,7325
south,shaken,27,3,12/02/2019,28,42242,7668
south,shaken,27,3,12/02/2019,29,49049,8290
south,shaken,27,3,12/02/2019,30,49030,8463
south,control,28,1,12/02/2019,1,36022,5980
south,control,28,1,12/02/2019,2,37851,5938
south,control,28,1,12/02/2019,3,35206,5670
south,control,28,1,12/02/2019,4,40536,6419
south,control,28,1,12/02/2019,5,40714,6630
south,control,28,1,12/02/2019,6,33099,5519
south,control,28,1,12/02/2019,7,29694,4991
south,control,28,1,12/02/2019,8,41560,6606
south,control,28,1,12/02/2019,9,56842,10873
south,control,28,1,12/02/2019,10,37312,5910
south,control,28,1,12/02/2019,11,41514,6711
south,control,28,1,12/02/2019,12,40959,6573
south,control,28,1,12/02/2019,13,34258,5862
south,control,28,1,12/02/2019,14,36682,5947
south,control,28,1,12/02/2019,15,40887,6932
south,control,28,1,12/02/2019,16,39443,6328
south,control,28,1,12/02/2019,17,31766,5212
south,control,28,1,12/02/2019,18,37042,6114
south,control,28,1,12/02/2019,19,50635,9148
south,control,28,1,12/02/2019,20,36530,5776
south,control,28,1,12/02/2019,21,42620,7094
south,control,28,1,12/02/2019,22,39997,6474
south,control,28,1,12/02/2019,23,38211,6319
south,control,28,1,12/02/2019,24,53072,10035
south,control,28,1,12/02/2019,25,48164,8253
south,control,28,1,12/02/2019,26,53112,10380
south,control,28,1,12/02/2019,27,39158,6335
south,control,28,1,12/02/2019,28,47221,9215
south,control,28,1,12/02/2019,29,59932,11555
south,control,28,1,12/02/2019,30,41598,6841
south,control,29,2,12/02/2019,1,29776,5211
south,control,29,2,12/02/2019,2,27414,4425
south,control,29,2,12/02/2019,3,36309,6437
south,control,29,2,12/02/2019,4,24626,4447
south,control,29,2,12/02/2019,5,28993,4984
south,control,29,2,12/02/2019,6,31876,5114
south,control,29,2,12/02/2019,7,39243,6395
south,control,29,2,12/02/2019,8,33379,5309
south,control,29,2,12/02/2019,9,40667,7381
south,control,29,2,12/02/2019,10,38223,5960
south,control,29,2,12/02/2019,11,29536,5018
south,control,29,2,12/02/2019,12,39242,6336
south,control,29,2,12/02/2019,13,40657,6847
south,control,29,2,12/02/2019,14,44226,7496
south,control,29,2,12/02/2019,15,34823,5641
south,control,29,2,12/02/2019,16,45956,7527
south,control,29,2,12/02/2019,17,55240,10911
south,control,29,2,12/02/2019,18,33122,5459
south,control,29,2,12/02/2019,19,37410,6515
south,control,29,2,12/02/2019,20,31703,5289
south,control,29,2,12/02/2019,21,45960,8285
south,control,29,2,12/02/2019,22,32921,5506
south,control,29,2,12/02/2019,23,37350,8053
south,control,29,2,12/02/2019,24,42599,7309
south,control,29,2,12/02/2019,25,39423,6616
south,control,29,2,12/02/2019,26,34127,5627
south,control,29,2,12/02/2019,27,29768,5505
south,control,29,2,12/02/2019,28,49365,8761
south,control,29,2,12/02/2019,29,52337,9292
south,control,29,2,12/02/2019,30,40660,6757
south,control,30,3,12/02/2019,1,29041,4971
south,control,30,3,12/02/2019,2,41259,6469
south,control,30,3,12/02/2019,3,42071,6981
south,control,30,3,12/02/2019,4,40724,6364
south,control,30,3,12/02/2019,5,41543,7922
south,control,30,3,12/02/2019,6,46382,7895
south,control,30,3,12/02/2019,7,37388,5921
south,control,30,3,12/02/2019,8,44402,7882
south,control,30,3,12/02/2019,9,34346,6130
south,control,30,3,12/02/2019,10,32536,5611
south,control,30,3,12/02/2019,11,45252,7683
south,control,30,3,12/02/2019,12,48783,8560
south,control,30,3,12/02/2019,13,40938,6670
south,control,30,3,12/02/2019,14,46545,8403
south,control,30,3,12/02/2019,15,34384,6935
south,control,30,3,12/02/2019,16,49543,8411
south,control,30,3,12/02/2019,17,32536,5590
south,control,30,3,12/02/2019,18,48297,8395
south,control,30,3,12/02/2019,19,40016,6731
south,control,30,3,12/02/2019,20,46412,9255
south,control,30,3,12/02/2019,21,58211,11959
south,control,30,3,12/02/2019,22,53188,9316
south,control,30,3,12/02/2019,23,42121,7114
south,control,30,3,12/02/2019,24,44624,8042
south,control,30,3,12/02/2019,25,46566,7846
south,control,30,3,12/02/2019,26,44908,7340
south,control,30,3,12/02/2019,27,69686,16420
south,control,30,3,12/02/2019,28,53949,10268
south,control,30,3,12/02/2019,29,57722,10877
south,control,30,3,12/02/2019,30,47250,8332
south,control,31,1,12/02/2019,1,33755,5402
south,control,31,1,12/02/2019,2,30912,4939
south,control,31,1,12/02/2019,3,38220,6131
south,control,31,1,12/02/2019,4,35855,6534
south,control,31,1,12/02/2019,5,35282,5648
south,control,31,1,12/02/2019,6,37818,6045
south,control,31,1,12/02/2019,7,38105,6916
south,control,31,1,12/02/2019,8,39071,7278
south,control,31,1,12/02/2019,9,39839,6502
south,control,31,1,12/02/2019,10,40822,6716
south,control,31,1,12/02/2019,11,33885,6576
south,control,31,1,12/02/2019,12,37055,7074
south,control,31,1,12/02/2019,13,37791,6143
south,control,31,1,12/02/2019,14,35674,5752
south,control,31,1,12/02/2019,15,35251,5925
south,control,31,1,12/02/2019,16,45091,7524
south,control,31,1,12/02/2019,17,39558,6744
south,control,31,1,12/02/2019,18,43007,7378
south,control,31,1,12/02/2019,19,41170,6908
south,control,31,1,12/02/2019,20,36373,6987
south,control,31,1,12/02/2019,21,38667,6488
south,control,31,1,12/02/2019,22,48223,8255
south,control,31,1,12/02/2019,23,38689,6568
south,control,31,1,12/02/2019,24,36383,6322
south,control,31,1,12/02/2019,25,36926,6262
south,control,31,1,12/02/2019,26,41102,6873
south,control,31,1,12/02/2019,27,42217,7611
south,control,31,1,12/02/2019,28,40746,6861
south,control,31,1,12/02/2019,29,42138,7256
south,control,31,1,12/02/2019,30,62918,15505
south,control,32,2,12/02/2019,1,30280,4871
south,control,32,2,12/02/2019,2,42959,7051
south,control,32,2,12/02/2019,3,34870,5801
south,control,32,2,12/02/2019,4,52203,10536
south,control,32,2,12/02/2019,5,41429,8203
south,control,32,2,12/02/2019,6,51016,8923
south,control,32,2,12/02/2019,7,39473,7062
south,control,32,2,12/02/2019,8,31972,5170
south,control,32,2,12/02/2019,9,47221,8604
south,control,32,2,12/02/2019,10,42293,8104
south,control,32,2,12/02/2019,11,48142,8125
south,control,32,2,12/02/2019,12,57392,10821
south,control,32,2,12/02/2019,13,43955,7314
south,control,32,2,12/02/2019,14,37568,6437
south,control,32,2,12/02/2019,15,51138,8862
south,control,32,2,12/02/2019,16,43673,7649
south,control,32,2,12/02/2019,17,47920,8027
south,control,32,2,12/02/2019,18,45650,8516
south,control,32,2,12/02/2019,19,52136,9402
south,control,32,2,12/02/2019,20,41150,7014
south,control,32,2,12/02/2019,21,39329,6381
south,control,32,2,12/02/2019,22,40271,6866
south,control,32,2,12/02/2019,23,50036,8798
south,control,32,2,12/02/2019,24,45114,7629
south,control,32,2,12/02/2019,25,48974,8496
south,control,32,2,12/02/2019,26,59078,12100
south,control,32,2,12/02/2019,27,45787,7741
south,control,32,2,12/02/2019,28,49390,9012
south,control,32,2,12/02/2019,29,51047,10740
south,control,32,2,12/02/2019,30,50829,9257
south,control,33,3,12/02/2019,1,30266,4996
south,control,33,3,12/02/2019,2,34730,5526
south,control,33,3,12/02/2019,3,38070,7236
south,control,33,3,12/02/2019,4,44833,7447
south,control,33,3,12/02/2019,5,44381,7426
south,control,33,3,12/02/2019,6,45217,8406
south,control,33,3,12/02/2019,7,35174,5981
south,control,33,3,12/02/2019,8,49025,8490
south,control,33,3,12/02/2019,9,34680,5707
south,control,33,3,12/02/2019,10,33362,5706
south,control,33,3,12/02/2019,11,52900,9485
south,control,33,3,12/02/2019,12,35666,5675
south,control,33,3,12/02/2019,13,48445,9005
south,control,33,3,12/02/2019,14,48986,8214
south,control,33,3,12/02/2019,15,50392,8597
south,control,33,3,12/02/2019,16,43774,8711
south,control,33,3,12/02/2019,17,47825,8139
south,control,33,3,12/02/2019,18,37118,6315
south,control,33,3,12/02/2019,19,49034,8862
south,control,33,3,12/02/2019,20,50722,8675
south,control,33,3,12/02/2019,21,40987,7023
south,control,33,3,12/02/2019,22,44096,7283
south,control,33,3,12/02/2019,23,40375,6747
south,control,33,3,12/02/2019,24,53690,9712
south,control,33,3,12/02/2019,25,41997,8019
south,control,33,3,12/02/2019,26,53743,9781
south,control,33,3,12/02/2019,27,41766,7448
south,control,33,3,12/02/2019,28,43887,7373
south,control,33,3,12/02/2019,29,42046,7802
south,control,33,3,12/02/2019,30,53975,11344
south,shaken,34,1,12/02/2019,1,42687,7121
south,shaken,34,1,12/02/2019,2,42530,7001
south,shaken,34,1,12/02/2019,3,45299,7415
south,shaken,34,1,12/02/2019,4,46069,7761
south,shaken,34,1,12/02/2019,5,49197,8429
south,shaken,34,1,12/02/2019,6,46935,7786
south,shaken,34,1,12/02/2019,7,38066,5961
south,shaken,34,1,12/02/2019,8,38346,6011
south,shaken,34,1,12/02/2019,9,33676,5421
south,shaken,34,1,12/02/2019,10,41754,6684
south,shaken,34,1,12/02/2019,11,46129,7845
south,shaken,34,1,12/02/2019,12,36542,7040
south,shaken,34,1,12/02/2019,13,36127,6973
south,shaken,34,1,12/02/2019,14,35689,5648
south,shaken,34,1,12/02/2019,15,47036,9577
south,shaken,34,1,12/02/2019,16,34997,5619
south,shaken,34,1,12/02/2019,17,43624,7490
south,shaken,34,1,12/02/2019,18,51902,8966
south,shaken,34,1,12/02/2019,19,39320,6544
south,shaken,34,1,12/02/2019,20,51180,8857
south,shaken,34,1,12/02/2019,21,41781,7429
south,shaken,34,1,12/02/2019,22,52506,9309
south,shaken,34,1,12/02/2019,23,40571,6824
south,shaken,34,1,12/02/2019,24,37314,6283
south,shaken,34,1,12/02/2019,25,49274,8750
south,shaken,34,1,12/02/2019,26,46350,7696
south,shaken,34,1,12/02/2019,27,38561,6625
south,shaken,34,1,12/02/2019,28,46012,9053
south,shaken,34,1,12/02/2019,29,38649,6665
south,shaken,34,1,12/02/2019,30,40792,7604
south,shaken,35,2,12/02/2019,1,38066,5867
south,shaken,35,2,12/02/2019,2,32753,6213
south,shaken,35,2,12/02/2019,3,34896,5457
south,shaken,35,2,12/02/2019,4,35727,6531
south,shaken,35,2,12/02/2019,5,40917,6590
south,shaken,35,2,12/02/2019,6,32064,5244
south,shaken,35,2,12/02/2019,7,40246,6320
south,shaken,35,2,12/02/2019,8,33991,5630
south,shaken,35,2,12/02/2019,9,45999,8517
south,shaken,35,2,12/02/2019,10,28395,4693
south,shaken,35,2,12/02/2019,11,38185,6279
south,shaken,35,2,12/02/2019,12,40433,6601
south,shaken,35,2,12/02/2019,13,48151,8133
south,shaken,35,2,12/02/2019,14,45442,7387
south,shaken,35,2,12/02/2019,15,44613,8170
south,shaken,35,2,12/02/2019,16,36218,6493
south,shaken,35,2,12/02/2019,17,43468,7474
south,shaken,35,2,12/02/2019,18,42474,7573
south,shaken,35,2,12/02/2019,19,40059,6751
south,shaken,35,2,12/02/2019,20,38435,6134
south,shaken,35,2,12/02/2019,21,46591,8203
south,shaken,35,2,12/02/2019,22,35469,5900
south,shaken,35,2,12/02/2019,23,56303,10431
south,shaken,35,2,12/02/2019,24,32898,5630
south,shaken,35,2,12/02/2019,25,39160,6750
south,shaken,35,2,12/02/2019,26,50529,9055
south,shaken,35,2,12/02/2019,27,48432,8509
south,shaken,35,2,12/02/2019,28,36412,7338
south,shaken,35,2,12/02/2019,29,47424,9407
south,shaken,35,2,12/02/2019,30,47056,8060
south,shaken,36,3,12/02/2019,1,26791,4506
south,shaken,36,3,12/02/2019,2,32326,5263
south,shaken,36,3,12/02/2019,3,36460,5763
south,shaken,36,3,12/02/2019,4,31986,5042
south,shaken,36,3,12/02/2019,5,30861,5844
south,shaken,36,3,12/02/2019,6,35928,6820
south,shaken,36,3,12/02/2019,7,35721,6085
south,shaken,36,3,12/02/2019,8,45012,7430
south,shaken,36,3,12/02/2019,9,26803,4520
south,shaken,36,3,12/02/2019,10,31154,5890
south,shaken,36,3,12/02/2019,11,34061,5719
south,shaken,36,3,12/02/2019,12,43249,8275
south,shaken,36,3,12/02/2019,13,39343,7014
south,shaken,36,3,12/02/2019,14,41720,7048
south,shaken,36,3,12/02/2019,15,49600,9231
south,shaken,36,3,12/02/2019,16,48702,8879
south,shaken,36,3,12/02/2019,17,48538,8401
south,shaken,36,3,12/02/2019,18,54811,10239
south,shaken,36,3,12/02/2019,19,29597,6016
south,shaken,36,3,12/02/2019,20,42460,7274
south,shaken,36,3,12/02/2019,21,39721,7477
south,shaken,36,3,12/02/2019,22,33874,5921
south,shaken,36,3,12/02/2019,23,43057,7372
south,shaken,36,3,12/02/2019,24,41871,7195
south,shaken,36,3,12/02/2019,25,57916,10959
south,shaken,36,3,12/02/2019,26,38907,6492
south,shaken,36,3,12/02/2019,27,45051,7709
south,shaken,36,3,12/02/2019,28,53325,10913
south,shaken,36,3,12/02/2019,29,39272,6926
south,shaken,36,3,12/02/2019,30,53657,9648
